D_K	class_group
-3321607	63,3,3
-4019207	207,3,3
-4472360	30,6,6
-4818916	48,3,3
-4897363	33,3,3
-5048347	18,6,3
-5067967	69,3,3
-5153431	216,3,3
-5288968	72,3,3
-5769988	12,6,6
-6562327	126,3,3
-7016747	99,3,3
-7060148	60,6,3
-7503391	90,6,3
-7546164	18,6,6,2
-8124503	261,3,3
-8180671	159,3,3
-8721735	60,6,6
-8819519	276,3,3
-8992363	48,3,3
-9379703	210,3,3
-9487991	381,3,3
-9778603	48,3,3
-10348907	105,3,3
-10381927	153,3,3
-10676983	105,3,3
-11072355	12,6,6,2
-11324296	48,6,3
-11328339	12,12,6
-11389912	30,6,3
-11393951	459,3,3
-11967780	18,6,6,2
-12047115	42,6,3
-12201979	108,3,3
-12559720	66,6,3
-12641639	657,3,3
-12755172	54,6,3
-12840904	60,6,3
-12897383	207,3,3
-13275687	324,3,3
-13278979	24,12,3
-13863220	24,6,6
-13974943	153,3,3
-14177407	240,3,3
-14227223	495,3,3
-14445844	72,6,3
-14643743	276,3,3
-14935391	405,3,3
-15476323	42,3,3
-15625067	195,3,3
-15987407	288,3,3
-16006307	42,6,3
-16042291	93,3,3
-16434239	846,3,3
-16564388	36,12,3
-16572804	48,6,6
-16657624	60,6,3
-16763912	60,6,6
-16784851	90,3,3
-17000507	183,3,3
-17112804	78,6,3
-17177572	96,3,3
-17496643	78,3,3
-17653587	24,6,6
-17725451	174,3,3
-17810891	96,6,3
-17896020	12,12,6,2
-17987428	24,6,6
-18409348	48,6,3
-18582159	312,3,3
-18590515	66,3,3
-18594131	261,3,3
-19006932	18,6,6,2
-19233080	126,6,3
-19368251	198,3,3
-19513736	144,6,3
-19912611	84,6,3
-19932436	102,6,3
-19941763	72,3,3
-19969763	60,6,3
-20080808	30,6,6,2
-20096024	54,6,6
-20252728	24,12,3
-20501128	108,3,3
-20621908	24,6,6
-20846440	84,6,3
-21194392	90,3,3
-21483928	42,6,3
-21658407	246,3,3
-21747455	84,12,3
-21806879	795,3,3
-21965907	96,3,3
-21972215	216,6,3
-22151867	192,3,3
-22165572	12,6,6,2
-22309331	174,3,3
-22441080	36,6,6
-23104527	234,6,3
-23321832	30,6,6
-23685848	54,6,6
-23951123	78,6,3
-24143284	36,6,6
-24418831	354,3,3
-24688264	192,3,3
-24909131	48,6,6
-24952655	78,6,6,2
-25012003	57,3,3
-25249451	222,3,3
-25274247	168,6,3
-25424951	720,3,3
-25660711	402,3,3
-25680535	72,6,6
-25684355	60,6,3
-25748312	54,6,6
-25997167	138,6,3
-26156083	18,6,6
-26430603	24,6,6
-26514856	78,6,3
-26607371	300,3,3
-26758111	426,3,3
-27458447	120,12,3
-27607115	90,6,3
-27634267	93,3,3
-27808763	198,3,3
-27840799	108,12,3
-27858536	246,6,3
-28114627	54,3,3
-28494568	42,6,3
-28502452	66,6,3
-28732623	84,6,6
-28914811	141,3,3
-28991499	96,6,3
-28996895	192,6,3
-29039896	126,3,3
-29225219	216,3,3
-29313672	30,6,6
-29349211	120,3,3
-29395571	225,3,3
-29454007	42,6,6
-29482627	75,3,3
-29597551	156,6,3
-29613268	138,3,3
-29676772	60,6,3
-29725336	126,3,3
-30078739	114,3,3
-30110403	36,6,3
-30365267	84,6,3
-30470603	147,3,3
-30479731	111,3,3
-30536548	36,6,6
-30580763	126,3,3
-30778471	366,3,3
-31170815	102,6,6
-31604267	162,3,3
-31859095	102,6,3
-32139951	234,6,3
-32256687	108,6,3
-32332891	210,3,3
-32494888	42,6,6
-32711691	66,6,6
-32830228	66,6,3
-32852423	486,3,3
-32922883	30,6,3
-32967727	54,6,6
-33450387	66,6,3
-33505727	624,3,3
-33543383	252,6,3
-33778824	60,6,6
-33866072	210,3,3
-33886715	72,6,3
-33889487	198,6,3
-34019704	264,3,3
-34025032	180,3,3
-34294431	336,6,3
-34365368	204,3,3
-34394964	120,6,3
-34395976	336,3,3
-34410767	216,6,6
-34557071	1104,3,3
-34587283	108,3,3
-34700727	240,6,3
-34757159	1104,3,3
-34764971	348,3,3
-35063799	252,6,3
-35180884	162,3,3
-35269627	96,3,3
-35275411	66,6,3
-35397931	168,3,3
-35470387	90,3,3
-35494763	225,3,3
-35858996	192,6,3
-35910676	24,12,6
-36323563	105,3,3
-36352456	120,6,3
-36399667	54,6,3
-36519044	408,3,3
-36848479	222,6,3
-36975896	222,6,3
-37418788	66,6,3
-37595407	333,3,3
-37762223	405,3,3
-37882679	396,6,3
-37935860	84,6,6
-37940287	120,6,3
-38206088	144,6,3
-38295992	108,6,3
-38547491	285,3,3
-38582072	180,3,3
-38588287	270,3,3
-38683940	78,6,6
-38711939	264,3,3
-38934467	126,6,3
-39026155	24,6,6
-39678747	84,6,3
-39726931	213,3,3
-40294232	180,6,3
-40305668	60,6,6
-40524047	342,3,3
-40628227	129,3,3
-40644155	126,6,3
-40956599	444,6,3
-40974248	180,6,3
-41128408	234,3,3
-41337480	54,6,6
-41344543	108,6,3
-41443599	540,3,3
-41477179	177,3,3
-41755827	144,3,3
-41889531	126,6,3
-41896536	84,6,6
-41980504	96,6,3
-42071235	84,6,3
-42132596	24,6,6,2,2
-42252679	108,6,6
-42305279	414,6,3
-42322639	372,3,3
-42503351	366,6,3
-42587971	192,3,3
-42686563	114,3,3
-42808163	258,3,3
-42826011	84,6,3
-42895603	36,6,3
-42907123	54,6,3
-42986939	246,3,3
-43080191	384,6,3
-43139524	144,6,3
-43376628	78,6,3
-43461239	1347,3,3
-43586455	252,6,3
-43710943	321,3,3
-43798756	48,6,6
-43963060	54,6,3
-43987623	162,6,3
-44097816	36,6,6,2
-44378884	90,6,3
-44387671	570,3,3
-44659183	327,3,3
-44671307	180,3,3
-44772863	432,3,3
-44813091	36,6,6
-44849411	369,3,3
-45152879	816,3,3
-45183043	114,3,3
-45554287	108,6,3
-45722467	108,3,3
-45770539	180,3,3
-45971092	78,6,3
-46220036	228,3,3
-46237207	60,12,3
-46280315	210,3,3
-46356087	144,6,3
-46677864	144,6,3
-46783571	306,3,3
-46887364	78,6,6
-46905323	213,3,3
-47332147	84,3,3
-47450935	216,6,3
-47455087	144,6,3
-47677668	102,6,3
-47831891	315,3,3
-47963219	300,3,3
-48023907	72,6,3
-48330759	132,6,6
-48511515	30,6,6,2
-48651143	564,3,3
-48862488	12,6,6,2,2
-48973895	408,6,3
-49127647	330,3,3
-49303355	156,6,3
-49499524	138,6,3
-49594276	240,3,3
-49666519	450,3,3
-49723123	99,3,3
-49875223	180,6,3
-49993463	552,3,3
-50065655	522,6,3
-50179656	84,6,6
-50463903	132,6,6
-50563859	279,3,3
-50566564	312,3,3
-50609427	54,6,3
-50611819	180,3,3
-50713799	444,6,3
-50831112	54,6,6
-50977103	558,3,3
-50994247	435,3,3
-51065211	108,6,3
-51274915	150,3,3
-51371291	408,3,3
-51880371	198,3,3
-52088423	672,3,3
-52119327	204,6,3
-52494539	312,3,3
-52517111	1194,3,3
-52526399	990,3,3
-52532008	72,6,3
-52722084	210,6,3
-52743011	204,6,3
-53090887	297,3,3
-53246276	552,3,3
-53395079	474,6,3
-53450299	162,3,3
-53472280	42,6,6
-53765843	294,3,3
-53893759	774,3,3
-53997976	270,3,3
-54060483	24,12,3
-54258447	516,3,3
-54433787	30,15,3
-54530671	330,6,3
-54750952	150,3,3
-54962868	60,6,6
-55002551	762,3,3
-55099043	150,6,3
-55247159	216,6,6
-55458643	24,12,3
-55459844	138,6,6
-55990111	438,3,3
-56012791	615,3,3
-56023159	594,3,3
-56062840	78,6,3
-56179268	186,6,3
-56227223	234,6,6
-56877643	24,12,3
-56892947	285,3,3
-56910443	189,3,3
-57236692	54,9,3
-57280391	996,3,3
-57525107	252,3,3
-57537671	390,6,3
-57554915	84,6,6
-57886599	336,6,3
-58055055	222,6,3
-58106407	345,3,3
-58264280	84,6,6
-58436551	621,3,3
-58503176	252,6,3
-58616979	174,3,3
-58670031	324,6,3
-58830347	177,3,3
-58917044	462,3,3
-58924687	582,3,3
-58983812	132,12,3
-59240407	351,3,3
-59283247	288,3,3
-59283847	354,3,3
-59289547	87,3,3
-59457832	36,6,6
-59728531	132,3,3
-60157219	102,6,3
-60252979	255,3,3
-60416488	120,6,3
-60638315	294,3,3
-60661208	198,6,3
-60670931	420,3,3
-60732499	174,3,3
-60912499	36,6,6
-60936143	546,3,3
-61043151	132,12,3
-61050644	216,6,3
-61052171	369,3,3
-61063943	837,3,3
-61090772	138,6,3
-61113332	138,6,3
-61263451	189,3,3
-61522964	462,6,3
-61559087	384,6,3
-61764971	261,3,3
-61954504	312,3,3
-62092203	60,6,6
-62202324	186,6,3
-62299023	450,3,3
-62919784	84,6,3
-62993416	384,3,3
-63069839	1464,3,3
-63165371	456,3,3
-63199139	348,3,3
-63263807	789,3,3
-63572952	48,6,6
-63643603	42,6,3
-63849412	90,6,3
-63946915	78,6,3
-63953087	390,6,3
-64018859	318,3,3
-64046083	147,3,3
-64058143	321,3,3
-64080884	336,6,3
-64345151	1362,3,3
-64677252	78,6,6
-64733531	267,3,3
-64842308	150,6,3
-64894027	108,3,3
-65118839	849,3,3
-65257604	336,6,3
-65417747	297,3,3
-65547115	66,6,3
-65561387	210,3,3
-65566643	126,6,3
-65739755	108,6,3
-65809779	162,6,3
-66047467	138,3,3
-66126811	159,3,3
-66319367	762,3,3
-66483203	276,3,3
-66847063	441,3,3
-66873559	420,3,3
-66977099	168,6,3
-67223287	120,12,3
-67231491	318,3,3
-67244147	270,3,3
-67271572	72,6,3
-67322296	90,6,6
-67493503	114,6,6
-67604871	414,6,3
-67657143	396,3,3
-67726936	294,3,3
-67912984	390,3,3
-68193140	84,6,6
-68259176	276,6,3
-68261656	222,3,3
-68516555	72,12,3
-68523256	72,12,3
-68642059	198,3,3
-68655147	36,6,6
-68903007	384,6,3
-69456767	819,3,3
-69544011	138,6,3
-69645755	252,3,3
-69676520	174,6,3
-69709283	138,6,3
-69768715	66,6,3
-69933299	372,3,3
-70061912	210,6,3
-70164019	189,3,3
-70177623	186,6,6
-70488707	204,3,3
-70502371	150,3,3
-70853099	261,3,3
-71153643	60,6,3
-71227880	132,6,6
-71253620	180,6,3
-71525815	366,3,3
-71527667	219,3,3
-71545411	84,6,3
-71603795	90,6,6
-71655143	48,12,6,2
-71659867	102,3,3
-71662359	270,6,6
-71911464	72,6,6
-72088707	78,6,3
-72128884	282,3,3
-72222184	180,6,3
-72673979	162,6,3
-72691603	90,6,3
-72839983	519,3,3
-72903379	273,3,3
-72972579	102,6,3
-73046319	372,6,3
-73086555	72,6,6
-73097403	72,6,3
-73103963	228,3,3
-73123807	390,3,3
-73509431	1239,3,3
-73539679	312,6,3
-73816115	162,6,3
-73831256	390,3,3
-73892607	630,3,3
-74069848	222,3,3
-74251236	108,6,6
-74343019	159,3,3
-74428948	114,6,3
-74446471	186,6,3
-74672023	486,3,3
-74775687	342,6,3
-74926067	252,3,3
-74944691	690,3,3
-74977087	240,6,3
-74988295	360,3,3
-75069563	240,3,3
-75170616	114,6,6
-75199172	198,6,3
-75199703	630,6,3
-75474676	294,3,3
-75700947	72,6,3
-75950259	54,6,6
-76062191	1302,3,3
-76278068	252,6,3
-76295551	627,3,3
-76327547	126,6,3
-76563391	456,3,3
-76644136	150,6,3
-76719119	1008,3,3
-76781539	222,3,3
-76819303	144,6,3
-76933327	297,3,3
-77016484	432,3,3
-77436244	306,3,3
-77533044	60,6,6,2
-77879663	774,3,3
-77947879	564,3,3
-78051887	654,3,3
-78113599	378,3,3
-78123956	276,6,3
-78159544	102,6,3
-78417563	222,3,3
-78616756	72,6,6
-78766563	144,3,3
-78789999	162,6,6
-79042567	378,3,3
-79076147	324,3,3
-79239059	375,3,3
-79239963	96,6,3
-79378899	54,18,3
-79417343	810,3,3
-79446183	618,3,3
-79713039	126,6,6,2
-79777147	129,3,3
-79821928	210,3,3
-79843343	984,3,3
-79889939	462,3,3
-79954936	504,3,3
-80055743	1062,3,3
-80067263	270,9,3
-80179323	102,6,3
-80228087	699,3,3
-80340595	72,6,3
-80667656	408,6,3
-81002507	258,3,3
-81055347	162,3,3
-81080107	159,3,3
-81173699	621,3,3
-81430807	726,3,3
-81491291	360,3,3
-81592963	117,3,3
-81952699	258,3,3
-82147415	240,6,6
-82220615	702,3,3
-82346307	90,6,3
-82361155	30,6,6
-82593159	120,12,6
-82735860	42,6,6,2
-82911943	354,3,3
-82927111	474,3,3
-82960979	435,3,3
-83076495	216,6,6
-83164003	102,6,3
-83181284	288,6,3
-83260039	468,3,3
-83281243	120,3,3
-83512523	438,3,3
-83555403	90,6,3
-83593716	108,6,6
-83655843	270,3,3
-83667140	132,6,6
-83678267	258,3,3
-83739364	60,6,6
-83876747	255,3,3
-83977007	891,3,3
-83987583	264,6,3
-84000335	534,6,3
-84091667	126,6,3
-84404939	471,3,3
-84503683	90,6,3
-84537355	30,6,6
-84604483	168,3,3
-84730747	72,6,3
-84962455	132,12,3
-85241139	120,6,3
-85273015	240,6,3
-85349659	114,6,3
-85436308	114,6,3
-85503343	513,3,3
-85829711	1008,3,3
-85846072	78,6,3
-85893823	291,3,3
-85922243	102,6,3
-85944759	1062,3,3
-85965519	300,6,6
-86099672	54,6,6,2
-86148239	975,3,3
-86530739	360,3,3
-87068820	72,6,6
-87076607	600,3,3
-87116531	477,3,3
-87155515	24,12,6
-87227535	198,6,6
-87289583	888,3,3
-87374676	222,6,3
-87438824	126,6,6
-87556859	264,6,3
-87590243	168,6,3
-87621595	102,6,3
-87759928	78,6,3
-87771844	114,6,6
-87893823	414,6,3
-87970040	96,6,6
-88163771	363,3,3
-88235059	120,6,3
-88359035	150,6,3
-88396079	1032,3,3
-88474207	630,3,3
-88503319	411,3,3
-88605903	240,6,3
-88957723	150,3,3
-89101399	675,3,3
-89209544	612,3,3
-89234452	198,3,3
-89258335	276,6,3
-89284916	96,12,6
-89466479	492,6,3
-89471204	72,12,6
-89479108	132,6,3
-89575699	255,3,3
-89625131	453,3,3
-90055207	342,3,3
-90129243	192,3,3
-90151727	1131,3,3
-90233124	102,6,6
-90379720	102,6,3
-90399059	360,3,3
-90424839	180,12,3
-90428676	48,6,6,2
-90531160	24,12,6
-90751007	1125,3,3
-90827851	204,3,3
-90847527	252,6,3
-91120904	180,6,6
-91153780	108,6,3
-91171831	630,3,3
-91246847	342,6,6
-91420051	114,6,3
-91765579	255,3,3
-91789131	108,6,3
-92011559	1764,3,3
-92519956	144,6,3
-92547507	66,6,6
-92613251	405,3,3
-92630292	24,6,6,2,2
-92788051	102,6,3
-92956243	144,3,3
-92965111	543,3,3
-93345044	120,6,6
-93463883	276,3,3
-93494131	327,3,3
-93572052	54,6,6
-93672231	210,6,6
-93695199	462,6,3
-93785768	258,6,3
-93828263	168,12,3
-94226740	114,6,3
-94314472	96,6,3
-94359479	756,3,3
-94489012	102,6,3
-94600216	174,6,3
-94652299	96,6,3
-94709544	198,6,3
-94771304	342,6,3
-94779688	72,6,6
-94932955	114,6,3
-95043595	48,12,3
-95117988	36,6,6,2
-95319944	576,3,3
-95378159	1365,3,3
-95400167	648,3,3
-95932132	96,6,3
-96012987	36,6,6
-96032407	390,3,3
-96095191	750,3,3
-96157147	96,3,3
-96163699	126,3,3
-96198436	96,6,6
-96347887	522,3,3
-96529780	84,6,6
-96569255	318,6,6
-96632203	204,3,3
-96635087	1224,3,3
-96691448	36,12,6,2
-96758036	120,6,6
-96769507	102,6,3
-96924143	954,3,3
-96956527	483,3,3
-97028499	312,3,3
-97097335	180,6,6
-97193767	492,3,3
-97508420	108,6,6
-97572883	99,3,3
-97660095	36,6,6,2,2
-97677239	1062,3,3
-97685956	324,3,3
-98134403	288,3,3
-98346291	144,6,3
-98501444	438,6,3
-98512820	144,6,6
-98532655	138,6,6
-98975828	150,6,6
-98999924	474,3,3
-99063651	192,3,3
-99119012	240,6,3
-99151723	84,6,3
-99356968	222,3,3
-99422308	228,3,3
-99888447	198,6,6
-100051871	840,6,3
-100183379	450,3,3
-100203007	300,3,3
-100351651	138,3,3
-100465547	162,6,3
-100470679	576,3,3
-100552015	180,6,3
-100765576	132,6,3
-100861323	150,6,3
-101022855	174,6,6
-101035903	204,6,3
-101177319	288,6,6
-101380051	102,6,3
-101402132	108,6,6
-101588291	60,12,6
-101706439	144,12,3
-101706719	1056,3,3
-101726123	225,3,3
-101764712	24,12,6,2
-101798884	48,6,6,2
-101993963	213,3,3
-102107476	198,6,3
-102408356	588,3,3
-102448843	162,3,3
-102504715	18,18,6
-102862399	192,12,3
-102875979	198,6,3
-102991307	369,3,3
-103019367	240,6,6
-103066755	24,6,6,2
-103233395	174,6,3
-103265860	78,6,6
-103410836	270,6,3
-103419807	162,6,6
-103585979	324,6,3
-103770483	198,3,3
-103804552	120,6,3
-103965639	810,3,3
-104176635	180,6,3
-104540167	222,6,3
-104712567	300,6,3
-104728740	96,6,6
-104729779	66,6,6
-104731543	186,6,3
-104864343	486,6,3
-104906328	144,6,3
-104956276	204,6,3
-105040211	576,3,3
-105071143	399,3,3
-105215595	90,6,3
-105273787	144,3,3
-105274283	297,3,3
-105347240	264,6,3
-105569787	72,6,3
-105589567	288,6,3
-105720547	102,3,3
-105834035	378,3,3
-105860635	108,6,3
-105967319	1629,3,3
-106125551	156,12,6
-106247912	90,6,6
-106268803	147,3,3
-106331556	138,6,3
-106372235	156,6,3
-106715623	438,3,3
-106925507	336,3,3
-107033560	144,6,3
-107034195	114,6,3
-107095315	90,6,3
-107314951	645,3,3
-107475007	681,3,3
-107623363	159,3,3
-107668299	264,3,3
-107682635	270,3,3
-108037479	102,6,6,2
-108109907	204,6,3
-108273279	672,3,3
-108289923	102,6,3
-108315995	96,12,3
-108518063	1260,3,3
-108526127	996,3,3
-108627752	522,3,3
-108654647	564,6,3
-108764879	1275,3,3
-108803464	108,6,6
-108890715	72,6,6
-109036687	204,6,3
-109060195	240,3,3
-109414808	294,6,3
-109587704	504,3,3
-109970463	504,3,3
-110021687	1587,3,3
-110317755	42,6,6
-110398423	366,3,3
-110426808	66,6,6
-110528935	150,6,6
-110554211	609,3,3
-110800772	120,12,3
-110870967	120,6,6
-110899864	462,3,3
-110992667	198,3,3
-111043195	54,6,6
-111199539	84,6,6
-111234260	210,6,3
-111442868	486,3,3
-111677988	48,6,6
-111690015	432,6,3
-111900819	180,6,3
-111924471	396,6,3
-112047087	348,6,3
-112059944	468,6,3
-112072984	378,3,3
-112112119	360,6,3
-112117351	735,3,3
-112121876	96,12,6
-112363203	216,3,3
-112456564	126,6,6
-112547220	30,6,6,2
-112596647	516,3,3
-112723355	492,3,3
-112889387	138,6,3
-112992004	84,6,6
-113007880	84,6,6
-113018495	252,6,6
-113096244	120,6,6
-113105219	528,3,3
-113156599	522,6,3
-113167511	1239,3,3
-113221139	240,6,3
-113259832	60,12,3
-113490499	243,3,3
-113540959	270,9,3
-113890891	198,3,3
-114080251	192,6,3
-114100019	240,6,3
-114178515	84,6,6
-114292127	1020,3,3
-114296595	36,6,6,2
-114514807	252,6,3
-114536483	414,3,3
-114574879	990,3,3
-114601055	492,6,3
-114610335	120,6,6
-114622887	468,3,3
-115001783	936,3,3
-115026215	594,6,3
-115076040	84,6,6
-115205367	72,6,6,2
-115329767	846,3,3
-115516059	282,3,3
-115566587	441,3,3
-115676840	96,6,6,2
-115737043	90,3,3
-115915967	1230,3,3
-116208379	66,6,6
-116256163	60,6,3
-116313160	78,6,6
-116537768	288,6,3
-116689115	138,6,3
-116737743	564,3,3
-116872171	72,12,3
-117126383	774,6,3
-117211048	138,6,3
-117413191	156,6,6
-117917147	594,3,3
-118035051	306,3,3
-118111703	1425,3,3
-118364216	366,6,3
-118414067	261,3,3
-118426632	84,6,6
-118540135	348,6,3
-118625620	60,6,6
-118706147	234,6,3
-118820856	24,6,6,2,2
-118874888	264,6,3
-119070947	318,3,3
-119182840	78,6,6
-119208040	36,6,6,2
-119422468	72,6,6
-119439427	135,3,3
-119602411	138,6,3
-119771843	321,3,3
-119808287	846,3,3
-119850047	792,3,3
-119879459	420,3,3
-119905627	54,9,3
-120085699	285,3,3
-120214447	576,3,3
-120291131	486,3,3
-120340607	1026,3,3
-120423796	210,6,3
-120457012	90,6,3
-120727867	78,6,3
-120755064	66,6,6,2
-120770168	282,6,3
-120779123	342,3,3
-120906347	303,3,3
-120976943	1347,3,3
-121013764	132,6,3
-121212515	330,3,3
-121270235	342,3,3
-121295560	30,6,6,2
-121382643	216,3,3
-121462739	318,6,3
-121494820	168,6,3
-121599127	462,3,3
-121791091	231,3,3
-122084895	378,6,3
-122237763	78,6,3
-122333143	477,3,3
-122340311	1275,3,3
-122380811	480,3,3
-122400367	474,3,3
-122563911	396,6,3
-122592871	540,3,3
-122594963	321,3,3
-122641927	84,12,3
-122739448	84,6,6
-122818616	372,6,3
-122836171	336,3,3
-122845123	114,3,3
-122924623	348,6,3
-123088355	114,6,6
-123418083	396,3,3
-123437656	228,6,3
-123440727	132,6,6
-123652535	324,6,6
-123673460	120,6,6
-123698584	150,6,3
-123712095	252,6,6
-123927735	204,6,6
-123939723	252,3,3
-124171604	72,12,6
-124260783	366,6,3
-124438679	1458,3,3
-124479319	993,3,3
-124586023	516,3,3
-124789384	96,6,6
-124971331	213,3,3
-125146031	1908,3,3
-125151859	324,3,3
-125187496	138,6,3
-125261035	102,6,3
-125266235	594,3,3
-125333412	150,6,3
-125389496	306,6,3
-125474071	690,3,3
-125599604	72,6,6,2
-125640255	102,6,6,2
-125932691	501,3,3
-125982391	945,3,3
-126078459	90,6,6
-126160744	486,3,3
-126190095	510,6,3
-126207064	162,6,3
-126247035	78,6,6
-126395447	816,6,3
-126441247	186,6,3
-126453544	132,6,6
-126488119	810,3,3
-126533428	60,6,6
-126680395	216,3,3
-126757480	114,6,3
-126842071	753,3,3
-126931407	234,6,3
-126946959	282,6,6
-127001507	513,3,3
-127083363	114,6,3
-127140819	126,6,3
-127179368	144,6,6
-127214419	273,3,3
-127775543	414,6,3
-127780203	48,6,6
-127839299	300,6,3
-127863723	48,12,3
-128173971	252,3,3
-128219291	486,3,3
-128264243	84,12,3
-128297731	258,3,3
-128400095	786,6,3
-128551556	420,6,3
-128568632	270,6,3
-128631659	444,3,3
-128791076	162,6,6
-128873467	132,3,3
-128942504	666,3,3
-129052759	222,6,6
-129346591	498,6,3
-129465544	138,6,6
-129545647	132,6,6
-129566823	138,6,6
-129621827	375,3,3
-129794180	432,6,3
-129800404	264,6,3
-129853060	72,6,6
-130106879	1110,3,3
-130287111	216,6,6
-130323587	300,3,3
-130841668	144,6,3
-130981476	126,6,6
-131071559	1575,3,3
-131296148	168,6,3
-131379251	774,3,3
-131461883	264,3,3
-131484740	162,6,6
-131662371	264,3,3
-131789608	378,3,3
-131842299	360,3,3
-132000548	120,12,3
-132067304	1074,3,3
-132085951	936,3,3
-132163268	318,6,3
-132309544	198,6,3
-132473940	42,6,6,2
-132535283	447,3,3
-132696427	225,3,3
-132748228	156,3,3
-132763171	210,3,3
-132768840	126,6,6
-132799179	72,6,6
-132948888	132,6,3
-132975815	282,6,6
-133331928	120,6,3
-133574847	120,6,6,2
-133667087	654,3,3
-133746671	1293,3,3
-133858164	60,6,6,2
-133920551	1530,3,3
-133989187	234,3,3
-134104024	114,6,6
-134216987	279,3,3
-134217247	681,3,3
-134400324	36,6,6,2
-134705176	138,6,3
-134937604	468,3,3
-134937803	48,6,6,2
-135130999	96,24,3
-135235988	324,6,3
-135448979	276,6,3
-135496963	120,6,3
-135547519	831,3,3
-135618612	60,12,6
-135672259	243,3,3
-135761647	522,3,3
-135813691	72,6,6
-135819467	144,6,3
-135838324	450,3,3
-135896664	54,6,6,2
-135912067	132,3,3
-135942127	639,3,3
-135992867	441,3,3
-136151583	336,6,3
-136153111	1287,3,3
-136185871	1080,3,3
-136256647	426,3,3
-136282463	960,3,3
-136687508	204,6,3
-136878251	579,3,3
-137007843	114,6,3
-137034408	90,6,6
-137170183	258,6,3
-137225371	396,3,3
-137291476	102,6,6
-137353544	984,3,3
-137394091	246,3,3
-137436724	120,6,6
-137672011	198,3,3
-137738792	240,6,3
-137752583	1173,3,3
-137896439	1278,3,3
-138387395	126,6,6
-138394136	882,3,3
-138431976	150,6,3
-138603587	366,3,3
-138650388	144,6,3
-138690547	45,9,3
-138697355	540,3,3
-138814971	150,6,3
-139160659	240,3,3
-139174539	198,6,3
-139353252	120,6,6
-139457363	306,3,3
-139509247	558,3,3
-139713832	198,3,3
-139725491	504,3,3
-139758459	72,6,6
-139791739	495,3,3
-139854279	252,12,3
-140037972	90,6,6
-140168771	447,3,3
-140196739	174,3,3
-140217268	234,3,3
-140313171	96,6,6
-140367832	36,6,6,2
-140436319	810,3,3
-140477435	192,6,3
-140507383	432,3,3
-140559544	468,3,3
-140623051	270,3,3
-140655747	102,6,3
-140768771	366,6,3
-140813643	336,3,3
-140987188	78,6,6
-141000955	204,3,3
-141073183	675,3,3
-141154516	534,3,3
-141178143	624,3,3
-141241443	18,18,6
-141590039	1854,3,3
-141624232	294,3,3
-141723403	231,3,3
-141772615	198,6,6
-141950147	162,6,3
-141960027	60,6,6
-141976823	426,6,3
-142014499	138,6,3
-142082007	270,6,3
-142270239	228,12,3
-142531951	714,3,3
-142545871	558,6,3
-142650951	480,6,3
-142705139	300,6,3
-142722836	594,3,3
-142829491	420,3,3
-143011787	345,3,3
-143153812	150,6,3
-143294291	372,6,3
-143306932	174,6,3
-143390452	72,6,6
-143506884	306,6,3
-143509683	84,6,3
-143862803	144,6,3
-143978071	837,3,3
-144024031	324,6,3
-144095547	192,3,3
-144115476	240,6,3
-144178420	72,6,6
-144297267	60,6,6
-144317791	603,3,3
-144346308	150,6,3
-144352228	168,6,3
-144449419	108,6,3
-144523723	72,6,3
-144664899	234,3,3
-144708547	165,3,3
-144910303	318,6,3
-145170008	150,6,6
-145281736	282,6,3
-145379719	702,3,3
-145391423	753,3,3
-145519608	36,18,6
-145537655	324,6,6
-145694455	540,3,3
-145761028	84,6,6
-146144183	1260,3,3
-146175455	396,6,6
-146215079	516,12,3
-146767151	1563,3,3
-146904195	30,6,6,2
-146969896	282,6,3
-147106619	306,6,3
-147203607	180,12,3
-147223524	60,6,6,2
-147278003	351,3,3
-147288551	1026,3,3
-147364807	387,3,3
-147372692	186,6,6
-147430363	78,6,3
-147488884	342,3,3
-147619732	102,6,3
-147634791	618,6,3
-147671428	96,6,3
-147833688	90,6,6
-147848471	1320,3,3
-147863908	186,6,3
-148015928	162,6,3
-148077199	528,6,3
-148183412	276,6,3
-148232379	132,6,3
-148326260	366,6,3
-148371684	84,6,6,2
-148374067	186,3,3
-148447176	240,6,3
-148459339	144,6,3
-148590251	804,3,3
-148670884	72,12,6
-148826372	636,3,3
-148847668	126,6,3
-148917919	297,9,3
-148919560	60,6,6,2
-149065343	228,6,6
-149126459	594,3,3
-149168660	156,6,6
-149225315	210,6,3
-149292411	282,3,3
-149408452	144,6,3
-149499255	108,6,6,2
-149548296	144,6,6
-149614899	144,6,3
-149696351	1008,6,3
-149796607	600,3,3
-149839763	414,3,3
-149845791	540,6,3
-149876552	252,6,3
-149896580	144,6,6
-149898920	156,6,6
-149969224	108,6,6
-150029755	90,6,3
-150037588	72,6,6
-150102607	240,6,3
-150119711	1884,3,3
-150248959	504,6,3
-150266123	84,6,6
-150511811	549,3,3
-150517588	54,6,6
-150560363	402,3,3
-150811763	204,3,3
-150978931	330,3,3
-151017079	765,3,3
-151213531	138,6,3
-151285703	630,6,3
-151310607	228,6,6
-151326223	702,3,3
-151328355	222,6,3
-151418068	132,6,3
-151431927	384,6,3
-151601656	120,12,3
-151793279	804,6,3
-151931352	246,6,3
-152129903	534,6,3
-152141831	1956,3,3
-152170691	648,3,3
-152326968	270,6,3
-152566824	114,6,6
-152590867	60,6,3
-152714811	312,3,3
-152816443	126,6,3
-152905127	180,6,6
-153042728	276,6,3
-153198052	132,6,3
-153302195	174,6,3
-153313240	180,6,3
-153480415	144,6,6
-153519367	228,6,3
-153943012	144,6,3
-154046179	384,3,3
-154287143	1473,3,3
-154377755	54,6,6,2
-154481732	234,6,3
-154698484	228,6,3
-154876207	603,3,3
-154983683	198,6,3
-155025784	456,3,3
-155075539	258,3,3
-155118372	42,6,6,2
-155125299	108,6,6
-155128595	270,6,3
-155183059	312,3,3
-155329032	108,6,6
-155523399	630,6,3
-155535991	840,3,3
-155631895	744,3,3
-155694552	102,6,6
-155849707	258,3,3
-156042111	120,12,6
-156057779	525,3,3
-156143667	108,6,3
-156193879	1068,3,3
-156225839	990,6,3
-156396211	342,3,3
-156418328	342,6,3
-156532271	1548,3,3
-156684559	873,3,3
-156971831	1485,3,3
-157096916	354,6,3
-157196355	66,6,6
-157236043	114,6,3
-157301587	171,3,3
-157315523	360,3,3
-157316487	492,6,3
-157432807	558,3,3
-157658059	72,12,3
-157734627	102,6,3
-157759203	180,6,3
-157790728	336,3,3
-157818392	150,6,6
-157925364	180,6,3
-158030527	519,3,3
-158043283	210,3,3
-158410088	216,6,3
-158480488	72,6,6
-158568063	504,6,3
-158712740	96,12,6
-158907844	228,6,3
-159035703	324,6,3
-159059928	234,6,3
-159120831	276,6,6
-159183431	876,6,3
-159218551	798,3,3
-159264212	306,6,3
-159518299	54,18,3
-159552807	726,3,3
-159566963	459,3,3
-159842587	165,3,3
-159919223	1176,3,3
-159937095	282,6,6
-159949967	756,3,3
-159977627	456,3,3
-159983764	522,3,3
-160005791	216,18,3
-160203255	222,6,6
-160265044	198,6,3
-160327995	66,6,6
-160496276	432,6,3
-160504687	558,3,3
-160747208	648,3,3
-160794955	126,6,3
-161268388	60,6,6
-161434111	765,3,3
-161631311	1590,3,3
-162002355	150,6,3
-162102223	945,3,3
-162106804	288,6,3
-162404267	60,15,3
-162632559	144,24,3
-162705839	1476,3,3
-162763288	270,3,3
-162856443	132,6,3
-162898612	132,6,3
-162946099	132,6,3
-163076963	210,6,3
-163092068	384,6,3
-163466895	162,6,6
-163742451	192,6,3
-163766039	1623,3,3
-163904980	84,6,6
-163967847	342,9,3
-164016836	342,6,3
-164081444	780,3,3
-164176007	816,3,3
-164195095	162,6,6
-164346863	978,3,3
-164379379	333,3,3
-164443092	84,6,6
-164490995	96,6,6
-164677748	234,6,3
-164782543	645,3,3
-164831348	300,6,3
-164922935	522,6,3
-164952155	204,6,3
-165028287	252,6,3
-165077195	354,6,3
-165118308	108,6,6
-165190723	192,3,3
-165241615	72,6,6,2
-165279163	84,6,3
-165352883	54,18,3
-165450503	492,6,3
-165487636	294,6,3
-165578919	252,6,6
-165626148	210,6,3
-165641871	684,6,3
-165712292	420,3,3
-165803188	126,6,3
-165813215	702,6,3
-165899471	2034,3,3
-165939880	36,6,6,2
-165978523	186,3,3
-166008856	132,6,6
-166116395	480,3,3
-166194779	570,3,3
-166449560	42,6,6,2,2
-166662296	390,6,3
-166721311	786,3,3
-167143115	378,6,3
-167309283	228,3,3
-167362379	192,6,3
-167486692	252,3,3
-167522495	456,6,6
-167616283	249,3,3
-167676440	48,6,6,2,2
-167729831	1785,3,3
-167892467	384,3,3
-168144596	738,3,3
-168228388	186,6,3
-168380088	42,6,6,2
-168423476	306,6,3
-168587555	198,6,3
-168629363	336,3,3
-168657416	324,6,3
-168674379	114,6,6
-168772951	864,3,3
-168936827	399,3,3
-168941587	210,3,3
-168954179	504,3,3
-168977080	306,6,3
-169003844	756,3,3
-169084939	264,3,3
-169565003	252,6,3
-169683887	1404,3,3
-169722548	234,6,3
-169812807	990,3,3
-169863899	582,3,3
-169952971	120,6,3
-170093352	18,6,6,2,2
-170269784	474,6,3
-170293295	336,6,6
-170316407	1125,3,3
-170421155	300,3,3
-170475647	1455,3,3
-170546831	498,6,6
-170558411	375,3,3
-170591747	228,6,3
-170641299	108,6,6
-171697711	1092,3,3
-171745732	204,3,3
-171847172	90,6,6,2
-171891672	120,6,6
-172142408	120,6,6
-172472980	72,6,6
-172519139	108,12,3
-172535059	243,3,3
-172600707	144,6,3
-172864612	108,6,3
-173055459	312,3,3
-173395336	96,6,6
-173436904	198,6,3
-173453135	540,6,3
-173668639	660,3,3
-173695507	297,3,3
-173728479	912,3,3
-173933419	24,12,6
-173970751	372,6,3
-174083503	456,6,3
-174180459	126,6,6
-174209115	42,6,6,2
-174259523	162,6,3
-174499367	624,6,3
-174716383	684,3,3
-174919243	90,6,3
-174922555	114,6,3
-175252199	1911,3,3
-175374843	60,6,6
-175432424	786,3,3
-175763156	444,6,3
-175922643	72,6,6
-175960952	192,12,3
-176010403	126,6,3
-176109944	1464,3,3
-176162891	240,6,3
-176214724	132,6,6
-176217427	42,6,6
-176265463	360,6,3
-176401403	144,12,3
-176461971	210,6,3
-176525099	522,3,3
-176696123	444,3,3
-176778823	426,3,3
-176811256	264,6,3
-176830351	1053,3,3
-177117767	1098,3,3
-177140660	138,6,6
-177146615	396,6,6
-177301835	240,6,3
-177327572	426,3,3
-177353432	126,6,6
-177661288	90,6,6
-177867732	12,12,6,2,2
-177887496	312,6,3
-177906983	999,3,3
-177907703	1098,3,3
-177911939	483,3,3
-177935896	570,3,3
-178005176	474,6,3
-178099799	1575,3,3
-178208719	522,6,3
-178310356	108,6,6
-178446739	72,12,3
-178587192	96,6,6
-178595732	168,6,6
-178717416	162,6,6
-178745587	183,3,3
-178865079	762,6,3
-178904532	24,6,6,2,2
-178905743	558,6,3
-178913883	228,3,3
-179016427	168,3,3
-179262491	228,6,3
-179389396	288,6,3
-179422799	1878,3,3
-179458559	672,6,3
-179558808	18,6,6,2,2
-179638936	180,6,3
-179680511	2394,3,3
-179722799	1431,3,3
-179908680	60,6,6,2
-179972851	189,3,3
-179997667	90,6,3
-180102047	1158,3,3
-180175091	891,3,3
-180273460	162,6,3
-180478139	660,3,3
-180606567	600,3,3
-180681511	1287,3,3
-180757387	279,3,3
-180849736	90,6,6
-180853743	48,12,6,2
-180969287	876,3,3
-181118363	504,3,3
-181153571	474,3,3
-181220372	426,3,3
-181241707	240,3,3
-181286823	660,3,3
-181342911	648,6,3
-181476599	2613,3,3
-181587503	1380,3,3
-181588008	36,6,6,2,2
-181640027	618,3,3
-181673411	930,3,3
-181825823	1017,3,3
-181896179	750,3,3
-181922147	348,3,3
-181950799	738,3,3
-182054323	210,3,3
-182149179	330,3,3
-182164776	126,6,6,2
-182212055	630,6,3
-182254047	462,6,3
-182318531	801,3,3
-182388184	126,6,6
-182542676	954,3,3
-182619055	180,6,6
-182799908	468,3,3
-182853896	924,3,3
-182899799	1635,3,3
-182911171	279,3,3
-182954767	492,3,3
-183140612	246,6,3
-183409151	1572,3,3
-183667579	360,3,3
-183685731	186,6,3
-183701471	1440,3,3
-183810559	879,3,3
-183923899	168,6,3
-183931791	570,6,3
-184082084	1032,3,3
-184351135	738,3,3
-184395227	345,3,3
-184437784	450,3,3
-184537012	138,6,3
-184651483	171,3,3
-184715151	630,6,3
-184720719	672,6,3
-184787051	480,3,3
-185203607	1110,3,3
-185310795	48,6,6,2
-185339587	255,3,3
-185366740	54,6,6,2
-185376984	138,6,6
-185452055	540,6,6
-185493767	1179,3,3
-185593748	144,6,6
-185737816	294,6,3
-185745367	633,3,3
-185794639	864,3,3
-185908231	288,9,3
-185911063	570,3,3
-185974856	312,6,3
-186160899	120,6,3
-186273811	360,3,3
-186324791	924,6,3
-186530207	1440,3,3
-186585191	648,6,3
-186732515	120,6,6
-186896084	162,6,6
-187064291	474,3,3
-187136031	324,12,3
-187191391	843,3,3
-187240443	78,6,6
-187256667	36,12,6
-187261944	138,6,6
-187345615	324,6,3
-187487679	222,6,6
-187567459	162,6,3
-187653551	1602,3,3
-187856612	708,3,3
-187888579	234,3,3
-187924299	258,6,3
-188027396	888,3,3
-188159512	126,6,3
-188294116	684,3,3
-188342147	132,6,3
-188347123	234,3,3
-188352419	840,3,3
-188409163	345,3,3
-188424655	180,18,3
-188521447	660,3,3
-188689423	378,6,3
-188786283	84,6,6
-188866751	2193,3,3
-188874872	318,6,3
-188923415	672,6,3
-189043395	114,6,3
-189113140	60,6,6,2
-189378391	864,3,3
-189455935	132,6,6
-189537171	96,6,6
-189687759	714,6,3
-189791215	918,3,3
-190047751	906,3,3
-190056363	192,6,3
-190114552	198,6,3
-190539987	114,6,3
-190729947	12,12,12
-191222072	180,12,3
-191258143	354,6,3
-191379071	1494,3,3
-191500615	360,6,3
-191572984	408,3,3
-191775716	510,6,3
-191852891	885,3,3
-192103243	126,6,3
-192408559	960,3,3
-192502695	114,6,6,2
-192576376	552,3,3
-192619924	156,6,6
-192644159	1290,3,3
-192757064	162,18,3
-192836527	252,6,3
-192884708	516,3,3
-192928619	126,6,6
-192940519	192,12,3
-193021492	156,6,3
-193060583	462,6,3
-193067320	120,6,6
-193088888	240,6,3
-193390792	90,6,6
-193481043	126,6,3
-193677635	72,12,6
-193717864	474,3,3
-193724683	234,3,3
-193816927	795,3,3
-194056151	1842,3,3
-194112068	360,6,3
-194116724	918,3,3
-194186911	1149,3,3
-194796280	120,6,6
-194824979	798,3,3
-194878735	426,6,3
-194902340	480,6,3
-194921531	630,3,3
-194940932	576,3,3
-195028116	504,6,3
-195150847	612,3,3
-195522791	1710,3,3
-195733911	774,6,3
-195742011	552,3,3
-195812867	324,6,3
-195946071	414,6,6
-196019828	306,6,3
-196027460	216,6,6
-196148436	72,6,6,2
-196153635	120,6,6
-196237923	156,6,3
-196435124	774,3,3
-196463815	156,6,6
-196476104	144,12,6
-196531007	1188,3,3
-196569107	174,6,3
-196597871	1590,3,3
-196736856	180,6,6
-197004839	1680,3,3
-197305251	18,18,6,2
-197336239	378,6,3
-197346507	138,6,3
-197380424	432,6,3
-197520655	474,6,3
-197533055	1476,3,3
-197602267	30,15,3
-197631463	756,3,3
-197755779	180,6,3
-197851299	180,6,3
-197895156	432,6,3
-198110971	273,3,3
-198122815	168,6,6
-198144483	60,6,6
-198194747	192,6,3
-198235939	366,3,3
-198400387	60,12,3
-198453563	108,6,6
-198494239	891,3,3
-198524584	486,3,3
-198820263	408,6,3
-198860299	186,6,3
-198877919	1356,3,3
-198887288	186,6,6
-199237908	210,6,3
-199309903	498,3,3
-199344088	60,6,6
-199360376	594,6,3
-199412979	288,6,3
-199477931	585,3,3
-199690283	408,3,3
-199701204	420,6,3
-200114851	369,3,3
-200150516	240,6,6
-200237860	90,6,6
-200268852	90,6,6
-200478803	492,3,3
-200522872	90,6,6
-200543299	192,6,3
-200682148	72,12,3
-200688139	222,3,3
-200762879	1422,3,3
-200765784	60,6,6,2
-200857544	336,12,3
-200904807	804,3,3
-201153651	534,3,3
-201184687	126,6,6
-201249147	66,6,6
-201267635	282,6,3
-201509943	504,6,3
-201670239	276,12,3
-201865828	180,6,3
-201894591	1608,3,3
-201944579	429,3,3
-202033203	210,3,3
-202089347	468,3,3
-202630007	1488,3,3
-202646280	60,6,6,2
-202649351	348,12,3
-202945827	72,6,6
-203280547	120,6,3
-203333851	354,3,3
-203335283	108,6,6
-203438815	510,6,3
-203676712	150,6,3
-203768015	846,6,3
-203858167	594,3,3
-203878004	204,6,6
-203883711	1386,3,3
-203991051	132,6,6
-204038527	300,6,3
-204050292	324,6,3
-204084679	828,3,3
-204113731	417,3,3
-204440583	420,6,3
-204507832	84,12,3
-204642419	585,3,3
-204658815	318,6,3
-204723067	276,3,3
-204823608	60,6,6,2
-205076371	276,3,3
-205503987	84,6,6
-205619144	510,6,3
-205689587	555,3,3
-205724667	102,6,3
-205832776	102,6,6
-206198743	648,3,3
-206252439	1206,3,3
-206253204	180,6,6
-206311416	180,6,6
-206568676	162,6,6
-206739031	366,6,3
-206811455	900,3,3
-206845879	336,6,3
-206875335	486,6,3
-207000167	462,6,6
-207012155	132,6,6
-207025699	357,3,3
-207041351	1158,6,3
-207042888	120,6,6
-207079079	1422,3,3
-207311908	72,6,6
-207361259	810,3,3
-207394471	711,3,3
-207482084	720,6,3
-207634199	1020,6,3
-207990419	90,6,6,2
-207995032	36,12,6
-207995847	348,6,3
-208065752	354,6,3
-208367668	78,6,6
-208650767	990,6,3
-208912468	132,6,3
-208955643	36,12,6
-208981867	306,3,3
-209045512	114,6,3
-209147739	108,6,6
-209182171	168,6,3
-209225924	348,6,6
-209263531	288,3,3
-209274179	492,3,3
-209315959	1428,3,3
-209368319	2592,3,3
-209407499	270,6,3
-209480295	726,6,3
-209552171	261,9,3
-209559507	168,6,3
-209676371	444,3,3
-209714011	384,3,3
-209843384	252,12,3
-210252548	306,6,3
-210370495	90,6,6,2
-210377495	1896,3,3
-210398323	156,3,3
-210432088	210,6,3
-210486319	927,3,3
-210623048	816,3,3
-210687784	366,6,3
-210834547	36,6,6,2
-210859419	420,3,3
-210906552	246,6,3
-211187839	846,3,3
-211227288	276,6,3
-211248887	1188,3,3
-211273319	312,12,6
-211316836	276,6,3
-211478627	744,3,3
-211518948	96,6,6
-211674011	948,3,3
-211697448	144,6,6
-211831727	1134,3,3
-211865963	432,3,3
-211982516	414,6,3
-212003767	216,6,6
-212118807	660,6,3
-212206063	402,6,3
-212212823	756,6,3
-212245396	132,6,6
-212258623	567,3,3
-212283492	66,6,6
-212551711	654,3,3
-212640143	1182,3,3
-212659304	108,6,6,2
-212683816	156,6,3
-212731016	864,3,3
-212743887	342,6,3
-212907908	276,6,3
-213013047	84,6,6,2
-213098367	564,6,3
-213102835	72,6,6
-213113291	450,6,3
-213148667	411,3,3
-213251971	312,3,3
-213255839	648,6,6
-213311095	216,6,6
-213351791	768,6,3
-213510084	294,6,3
-213519091	228,3,3
-213523567	348,6,3
-213574708	414,3,3
-213725919	600,6,3
-213954164	486,6,3
-214239847	1005,3,3
-214246036	168,6,3
-214276819	72,12,3
-214281956	108,12,6
-214497487	801,3,3
-214554251	294,6,3
-214568767	210,6,6
-214663543	912,3,3
-214784131	282,3,3
-214829931	396,3,3
-214902679	1587,3,3
-215050467	120,6,3
-215096887	657,3,3
-215191176	288,6,3
-215496739	288,6,3
-215588015	1926,3,3
-215905567	750,3,3
-216023208	90,6,6
-216101427	330,3,3
-216103128	48,6,6,2
-216114011	561,3,3
-216224627	477,3,3
-216240116	432,6,3
-216265508	876,3,3
-216383591	1953,3,3
-216544255	132,6,6
-216576280	36,6,6,2
-216600463	702,3,3
-216760103	408,12,3
-216799879	546,6,3
-216895204	156,6,3
-216942043	246,3,3
-217070471	1740,3,3
-217169599	1128,3,3
-217403747	318,3,3
-217658847	216,6,6
-217690527	1068,3,3
-217786888	132,6,3
-217853303	1287,3,3
-217895863	666,3,3
-217978511	780,6,3
-217989339	210,6,3
-218070231	408,6,3
-218834760	66,6,6,2
-218866307	96,12,3
-218896311	288,6,6
-218986552	60,6,6
-219151043	432,3,3
-219220087	480,3,3
-219269055	222,6,6
-219272035	66,6,6
-219464615	954,6,3
-219557348	468,6,3
-219832360	42,6,6,2
-219948724	144,6,6
-219962883	42,6,6,2
-220005619	228,3,3
-220140383	1080,3,3
-220361444	1224,3,3
-220695555	234,6,3
-220840643	456,3,3
-221112004	204,6,3
-221199416	462,6,3
-221214083	318,6,3
-221216207	1314,3,3
-221335715	402,6,3
-221338583	1134,3,3
-221345743	654,3,3
-221351311	630,6,3
-221427476	426,6,3
-221522948	204,12,3
-221602115	102,6,6
-221797736	300,6,6
-221808419	834,3,3
-221837843	696,3,3
-221875943	1134,3,3
-221901812	390,6,3
-222069491	714,3,3
-222184507	300,3,3
-222245319	1476,3,3
-222374312	882,3,3
-222590884	156,6,6
-222644859	186,6,3
-222661736	522,6,3
-222710207	558,6,3
-222818327	1080,3,3
-222856951	702,3,3
-222920963	408,3,3
-222929780	468,6,3
-223186760	462,6,3
-223207751	192,12,6
-223256451	60,6,6,2
-223282415	648,6,3
-223393327	843,3,3
-223639699	423,3,3
-223683096	24,6,6,2,2,2
-223936067	516,3,3
-223985515	198,6,3
-224022644	576,6,3
-224238388	234,6,3
-224296403	312,3,3
-224319311	2295,3,3
-224413231	426,6,3
-224466427	156,6,3
-224676019	336,3,3
-224726819	414,3,3
-224882099	156,6,6
-224985828	36,6,6,2
-225084623	642,6,3
-225101011	327,3,3
-225111811	126,6,3
-225229288	246,3,3
-225266803	252,3,3
-225324367	561,3,3
-225364495	198,6,6
-225501451	450,3,3
-225512103	414,6,3
-225836484	402,6,3
-225882328	162,6,3
-225942056	426,6,3
-226103252	546,3,3
-226134863	1092,3,3
-226247927	1392,3,3
-226264808	108,12,6
-226285391	2193,3,3
-226492935	480,6,3
-226530804	138,6,6
-226566408	360,6,3
-226581815	390,6,6
-226705028	306,6,3
-226768747	243,3,3
-226776371	1002,3,3
-226828667	252,6,3
-227223859	192,3,3
-227254163	492,3,3
-227373668	264,6,3
-227588063	2256,3,3
-227621347	228,3,3
-227640788	210,6,3
-227824211	972,3,3
-227878467	306,3,3
-228030007	672,3,3
-228145263	414,6,3
-228153579	300,6,3
-228210632	156,6,6
-228363832	108,6,3
-228366007	738,3,3
-228970283	492,3,3
-229194311	540,9,3
-229241843	330,6,3
-229291060	174,6,3
-229443815	1146,6,3
-229527640	150,6,6
-229531859	636,3,3
-229712955	144,6,6
-229751351	1392,3,3
-229883727	300,12,3
-229988136	84,6,6,2
-230046103	738,3,3
-230059147	258,3,3
-230090324	516,6,3
-230159031	546,6,3
-230164167	474,6,3
-230270659	378,3,3
-230298803	222,6,3
-230337748	246,3,3
-230428731	60,12,6
-230471699	1113,3,3
-230514583	342,6,3
-230528276	300,6,6
-230575703	1020,3,3
-230822664	144,6,6
-230869047	252,6,6
-230902591	1419,3,3
-230992420	204,6,3
-231016295	480,12,3
-231041463	48,6,6,2,2
-231225544	180,6,3
-231290308	180,6,3
-231334483	300,3,3
-231409956	120,6,6
-231475976	1320,3,3
-231669355	60,12,3
-231693143	1512,3,3
-231743560	144,6,6
-231751283	72,18,3
-231827883	60,6,6
-232169891	306,6,3
-232207271	2235,3,3
-232278279	750,6,3
-232288451	984,3,3
-232430647	216,6,3
-232500984	180,6,6
-232562107	102,6,3
-232638215	648,6,6
-232755511	864,3,3
-232868947	270,3,3
-232873860	72,6,6,2
-232990372	60,6,6,2
-233110363	234,3,3
-233168199	630,6,3
-233259160	108,6,6
-233261311	1410,3,3
-233273028	120,6,6
-233377160	174,6,6
-233378648	552,6,3
-233384212	120,6,6
-233491316	750,3,3
-233541311	2322,3,3
-233773124	528,6,3
-233825080	246,6,3
-233836583	624,6,3
-233892148	84,6,6
-233934808	174,6,3
-234095963	690,3,3
-234178367	1206,3,3
-234216680	570,6,3
-234263467	96,6,3
-234373780	156,6,3
-234485215	1122,3,3
-234540447	192,6,6
-234571683	72,12,3
-234590248	96,6,6
-234596715	228,6,3
-234629443	309,3,3
-234715847	282,6,6
-234814603	162,3,3
-234884024	156,6,6
-234912628	54,18,3
-235445387	84,12,3
-235480459	261,3,3
-235698135	60,6,6,2,2
-235786379	408,6,3
-235997807	1467,3,3
-236036532	132,6,6
-236200607	1182,3,3
-236229063	456,6,3
-236316803	390,3,3
-236414323	384,3,3
-236454871	1008,3,3
-236582852	270,6,3
-236588356	516,3,3
-236666271	1404,3,3
-236838367	390,6,3
-236838891	108,12,3
-237122947	132,6,3
-237129972	216,6,3
-237132839	2685,3,3
-237231823	420,6,3
-237341095	606,6,3
-237497707	114,6,3
-237499487	654,6,3
-237647204	696,3,3
-237682667	264,6,3
-237682887	216,6,6
-237695999	2145,3,3
-237752167	576,3,3
-237819704	276,12,3
-237880760	162,6,6,2
-237884619	216,6,3
-237985716	84,6,6,2
-238287032	180,12,3
-238415435	276,6,3
-238458587	561,3,3
-238629407	1320,3,3
-238767892	108,6,6
-238811323	108,6,3
-238968328	396,3,3
-239295611	252,6,3
-239401204	78,6,6,2
-239565368	192,12,3
-239677039	636,6,3
-239745711	720,6,3
-239952212	36,18,6,2
-239955684	192,6,6
-240016907	192,6,3
-240028388	840,3,3
-240144999	2118,3,3
-240195587	174,6,3
-240302059	369,3,3
-240407007	750,3,3
-240460552	240,6,3
-240625759	282,6,6
-240638484	138,6,6
-240793507	120,6,3
-240822807	360,6,3
-240873128	312,6,3
-240934711	666,6,3
-241107927	630,3,3
-241111892	342,6,3
-241254183	408,6,3
-241726580	108,6,6,2
-241875231	762,6,3
-242101695	360,6,6
-242115347	498,3,3
-242119016	930,6,3
-242232791	1044,6,3
-242247867	66,6,6
-242316187	198,3,3
-242340203	510,3,3
-242440899	54,6,6,2
-242444315	126,6,6
-242522455	102,6,6,2
-242584547	564,3,3
-242686868	318,6,3
-242722852	144,6,3
-242783219	888,3,3
-242925263	702,6,3
-243066020	198,6,6
-243078099	66,6,6,2
-243254904	90,6,6,2
-243330035	270,6,3
-243543647	1923,3,3
-243630823	669,3,3
-243647527	690,3,3
-243686516	858,6,3
-243949704	360,6,3
-244033892	120,6,6
-244128520	120,6,6
-244152292	528,3,3
-244187239	1188,3,3
-244210852	372,3,3
-244269892	444,3,3
-244331403	108,6,6
-244541135	720,6,3
-244566452	144,6,6
-244574488	108,6,3
-244805735	1770,3,3
-244895752	258,6,3
-244981371	576,3,3
-245064376	234,6,3
-245459320	42,6,6,2
-245501416	360,6,3
-245517043	216,3,3
-245523464	258,6,6
-245537240	84,6,6,2
-245576008	396,3,3
-245583560	288,6,6
-245591416	126,6,6
-245677411	144,6,3
-245717455	228,6,6
-245732088	144,6,6
-245744803	144,6,3
-245767864	564,3,3
-245862719	1701,3,3
-245881960	42,6,6,2
-246038399	2952,3,3
-246044795	816,3,3
-246049428	198,6,3
-246200147	378,3,3
-246272179	549,3,3
-246295083	186,6,3
-246349464	252,6,3
-246485071	606,6,3
-246517819	231,3,3
-246519499	270,3,3
-246626351	2172,3,3
-246704163	216,6,3
-246726943	435,3,3
-246757107	84,12,3
-246798964	630,3,3
-246976439	2520,3,3
-247004580	102,6,6
-247032915	276,6,3
-247076763	390,3,3
-247085519	456,6,6
-247111131	24,24,6
-247299396	132,6,6
-247321123	120,6,3
-247346455	180,12,3
-247380063	192,6,6
-247420711	1440,3,3
-247491943	762,3,3
-247630479	486,6,6
-248200611	450,3,3
-248207583	240,6,6
-248222035	180,6,3
-248347943	756,6,3
-248348027	381,3,3
-248370667	162,6,3
-248425655	678,6,3
-248561239	624,6,3
-248582615	918,6,3
-248611796	576,6,3
-248615423	1464,3,3
-248690040	60,6,6,2
-248750871	708,6,3
-248786907	390,3,3
-248795599	1416,3,3
-248796148	462,3,3
-248876740	126,6,6
-248956792	144,6,3
-249007807	705,3,3
-249052084	216,6,3
-249211131	180,6,3
-249267887	630,6,3
-249287735	678,6,3
-249300260	270,6,6
-249584363	300,6,3
-249637119	612,6,3
-249646868	180,6,6
-249699611	666,3,3
-249851636	630,6,3
-249905111	1953,3,3
-250102687	723,3,3
-250163320	48,6,6,2
-250181399	1464,6,3
-250312443	462,3,3
-250315519	1134,3,3
-250388452	228,6,3
-250416355	84,6,6
-250419887	1053,3,3
-250651592	252,6,3
-250714824	108,6,6,2
-250876363	321,3,3
-250950711	396,6,6
-251159503	648,3,3
-251244319	246,6,6
-251515748	174,6,6
-251525471	1953,3,3
-251650151	2082,3,3
-251659127	1338,3,3
-251659327	882,3,3
-251665151	1932,3,3
-251781007	702,3,3
-251786119	510,6,3
-251813055	264,6,6
-251928587	336,3,3
-251940980	36,12,6,2
-252010247	1170,3,3
-252011080	342,6,3
-252080196	306,6,3
-252084955	156,6,3
-252127444	294,6,3
-252167063	1125,3,3
-252179896	144,6,6
-252458879	1794,3,3
-252469239	396,6,6
-252545119	915,3,3
-252895571	666,3,3
-252947443	186,3,3
-252952676	456,6,3
-253026155	516,3,3
-253067279	2160,3,3
-253162479	756,6,3
-253251611	702,3,3
-253313835	48,6,6,2
-253367895	270,6,6
-253375347	132,6,3
-253451747	264,6,3
-253454831	816,6,3
-253685315	180,6,3
-253774435	306,3,3
-253954095	342,6,6
-254028983	414,6,6
-254201011	270,3,3
-254249627	309,3,3
-254362767	882,3,3
-254387731	216,6,3
-254526760	216,6,3
-254569828	162,6,3
-254605147	252,3,3
-254707051	357,3,3
-254794207	522,6,3
-254801135	840,6,3
-255106308	210,6,3
-255121651	279,3,3
-255182655	126,6,6,2
-255243007	966,3,3
-255255899	828,3,3
-255285464	54,6,6,2,2
-255318879	1584,3,3
-255321555	48,6,6,2
-255352987	198,3,3
-255474859	450,3,3
-255475579	348,3,3
-255580779	540,3,3
-255612327	612,6,3
-255744543	288,12,3
-255849683	444,3,3
-256023012	24,12,6,2
-256128648	168,6,6
-256182367	330,6,3
-256281607	684,3,3
-256346771	645,3,3
-256421332	414,3,3
-256426628	120,24,3
-256506799	1377,3,3
-256600003	198,3,3
-257075528	504,6,3
-257157896	228,6,6
-257177743	822,3,3
-257287739	702,3,3
-257290543	462,6,3
-257428399	882,3,3
-257444104	420,3,3
-257503359	612,6,3
-257555839	1104,3,3
-257658555	24,6,6,2,2
-257677391	2172,3,3
-257735579	972,3,3
-257937944	684,6,3
-257943732	108,6,6
-258109643	150,6,3
-258194407	555,3,3
-258236995	168,6,3
-258415967	1086,6,3
-258547435	90,6,6
-258644163	324,3,3
-258742219	297,3,3
-258829007	1602,3,3
-258905528	192,6,6
-258973259	1134,3,3
-259076276	600,6,3
-259100259	300,6,3
-259111511	2676,3,3
-259176667	213,3,3
-259290571	108,9,3
-259312388	264,6,6
-259320568	102,6,6
-259322107	96,6,3
-259329716	294,6,6
-259344408	174,6,3
-259350863	1464,3,3
-259372472	180,12,3
-259399396	120,12,3
-259408859	705,3,3
-259503976	144,6,6
-259542167	1380,3,3
-259549895	552,6,6
-259574259	150,6,6
-259699839	372,6,6
-259746807	540,6,3
-259785791	1902,3,3
-260062679	228,12,6
-260089619	876,3,3
-260444091	252,6,3
-260587848	324,6,3
-260804559	468,6,3
-261271115	366,6,3
-261274344	66,6,6,2
-261403863	240,6,6
-261490404	90,6,6,2
-261538719	810,6,3
-261804103	264,6,3
-261891031	1677,3,3
-261950955	42,6,6,2
-262384951	1305,3,3
-262640883	336,3,3
-262811579	633,3,3
-262871224	114,6,6
-262919831	1926,3,3
-262931172	78,6,6,2
-263017320	150,6,6
-263236660	36,6,6,2
-263289343	600,3,3
-263310215	174,6,6,2
-263313967	342,6,3
-263329352	90,6,6,2
-263344088	372,6,3
-263413783	378,6,3
-263458915	342,3,3
-263467499	555,3,3
-263534695	960,3,3
-263652763	84,12,3
-263682115	174,3,3
-263780072	234,6,6
-263788292	186,6,6
-263885603	360,3,3
-263989123	330,3,3
-264097291	573,3,3
-264148387	321,3,3
-264172643	174,6,3
-264239579	591,3,3
-264392627	462,3,3
-264410680	90,6,6
-264618035	90,6,6,2
-264646131	240,6,3
-264862580	456,6,3
-264874404	282,6,3
-265050295	240,12,3
-265214116	588,3,3
-265226215	366,6,3
-265360027	96,6,3
-265376852	96,6,6,2
-265389256	288,6,3
-265425547	249,3,3
-265568660	48,6,6,2,2
-265653871	516,6,3
-265693748	138,6,6
-265776547	210,3,3
-265871311	1869,3,3
-266267480	282,6,6
-266460931	336,3,3
-266624663	558,6,3
-266733347	447,3,3
-266846755	36,6,6,2
-267019672	252,6,3
-267097588	414,3,3
-267263423	372,6,6
-267417667	150,6,3
-267653495	870,6,3
-267851127	960,3,3
-267855143	2202,3,3
-267937771	453,3,3
-268096708	54,6,6,2
-268102639	1374,3,3
-268214119	1659,3,3
-268303368	156,6,3
